{"info":[{"$":{"face":"Minecraftia","size":"8","bold":"0","italic":"0","charset":"","unicode":"","stretchH":"100","smooth":"1","aa":"1","padding":"2,2,2,2","spacing":"0,0","outline":"0"}}],"common":[{"$":{"lineHeight":"12","base":"10","scaleW":"47","scaleH":"222","pages":"1","packed":"0"}}],"pages":[{"page":[{"$":{"id":"0","file":"minecraftia-dark.png"}}]}],"chars":[{"$":{"count":"90"},"char":[{"$":{"id":"97","x":"2","y":"2","width":"5","height":"5","xoffset":"0","yoffset":"2","xadvance":"6","page":"0","chnl":"15"}},{"$":{"id":"98","x":"2","y":"9","width":"5","height":"7","xoffset":"0","yoffset":"0","xadvance":"6","page":"0","chnl":"15"}},{"$":{"id":"99","x":"2","y":"18","width":"5","height":"5","xoffset":"0","yoffset":"2","xadvance":"6","page":"0","chnl":"15"}},{"$":{"id":"100","x":"2","y":"25","width":"5","height":"7","xoffset":"0","yoffset":"0","xadvance":"6","page":"0","chnl":"15"}},{"$":{"id":"101","x":"2","y":"34","width":"5","height":"5","xoffset":"0","yoffset":"2","xadvance":"6","page":"0","chnl":"15"}},{"$":{"id":"102","x":"2","y":"41","width":"4","height":"7","xoffset":"0","yoffset":"0","xadvance":"5","page":"0","chnl":"15"}},{"$":{"id":"103","x":"2","y":"50","width":"5","height":"6","xoffset":"0","yoffset":"2","xadvance":"6","page":"0","chnl":"15"}},{"$":{"id":"104","x":"8","y":"41","width":"5","height":"7","xoffset":"0","yoffset":"0","xadvance":"6","page":"0","chnl":"15"}},{"$":{"id":"105","x":"9","y":"2","width":"1","height":"7","xoffset":"0","yoffset":"0","xadvance":"2","page":"0","chnl":"15"}},{"$":{"id":"106","x":"9","y":"11","width":"5","height":"8","xoffset":"0","yoffset":"0","xadvance":"6","page":"0","chnl":"15"}},{"$":{"id":"107","x":"12","y":"2","width":"4","height":"7","xoffset":"0","yoffset":"0","xadvance":"5","page":"0","chnl":"15"}},{"$":{"id":"108","x":"9","y":"21","width":"2","height":"7","xoffset":"0","yoffset":"0","xadvance":"3","page":"0","chnl":"15"}},{"$":{"id":"109","x":"9","y":"30","width":"5","height":"5","xoffset":"0","yoffset":"2","xadvance":"6","page":"0","chnl":"15"}},{"$":{"id":"110","x":"13","y":"21","width":"5","height":"5","xoffset":"0","yoffset":"2","xadvance":"6","page":"0","chnl":"15"}},{"$":{"id":"111","x":"16","y":"11","width":"5","height":"5","xoffset":"0","yoffset":"2","xadvance":"6","page":"0","chnl":"15"}},{"$":{"id":"112","x":"18","y":"2","width":"5","height":"6","xoffset":"0","yoffset":"2","xadvance":"6","page":"0","chnl":"15"}},{"$":{"id":"113","x":"2","y":"58","width":"5","height":"6","xoffset":"0","yoffset":"2","xadvance":"6","page":"0","chnl":"15"}},{"$":{"id":"114","x":"2","y":"66","width":"5","height":"5","xoffset":"0","yoffset":"2","xadvance":"6","page":"0","chnl":"15"}},{"$":{"id":"115","x":"2","y":"73","width":"5","height":"5","xoffset":"0","yoffset":"2","xadvance":"6","page":"0","chnl":"15"}},{"$":{"id":"116","x":"2","y":"80","width":"3","height":"7","xoffset":"0","yoffset":"0","xadvance":"4","page":"0","chnl":"15"}},{"$":{"id":"117","x":"2","y":"89","width":"5","height":"5","xoffset":"0","yoffset":"2","xadvance":"6","page":"0","chnl":"15"}},{"$":{"id":"118","x":"7","y":"80","width":"5","height":"5","xoffset":"0","yoffset":"2","xadvance":"6","page":"0","chnl":"15"}},{"$":{"id":"119","x":"9","y":"50","width":"5","height":"5","xoffset":"0","yoffset":"2","xadvance":"6","page":"0","chnl":"15"}},{"$":{"id":"120","x":"15","y":"37","width":"5","height":"5","xoffset":"0","yoffset":"2","xadvance":"6","page":"0","chnl":"15"}},{"$":{"id":"121","x":"16","y":"28","width":"5","height":"6","xoffset":"0","yoffset":"2","xadvance":"6","page":"0","chnl":"15"}},{"$":{"id":"122","x":"20","y":"18","width":"5","height":"5","xoffset":"0","yoffset":"2","xadvance":"6","page":"0","chnl":"15"}},{"$":{"id":"65","x":"25","y":"2","width":"5","height":"7","xoffset":"0","yoffset":"0","xadvance":"6","page":"0","chnl":"15"}},{"$":{"id":"66","x":"9","y":"57","width":"5","height":"7","xoffset":"0","yoffset":"0","xadvance":"6","page":"0","chnl":"15"}},{"$":{"id":"67","x":"9","y":"66","width":"5","height":"7","xoffset":"0","yoffset":"0","xadvance":"6","page":"0","chnl":"15"}},{"$":{"id":"68","x":"2","y":"96","width":"5","height":"7","xoffset":"0","yoffset":"0","xadvance":"6","page":"0","chnl":"15"}},{"$":{"id":"69","x":"2","y":"105","width":"5","height":"7","xoffset":"0","yoffset":"0","xadvance":"6","page":"0","chnl":"15"}},{"$":{"id":"70","x":"2","y":"114","width":"5","height":"7","xoffset":"0","yoffset":"0","xadvance":"6","page":"0","chnl":"15"}},{"$":{"id":"71","x":"2","y":"123","width":"5","height":"7","xoffset":"0","yoffset":"0","xadvance":"6","page":"0","chnl":"15"}},{"$":{"id":"72","x":"2","y":"132","width":"5","height":"7","xoffset":"0","yoffset":"0","xadvance":"6","page":"0","chnl":"15"}},{"$":{"id":"73","x":"2","y":"141","width":"3","height":"7","xoffset":"0","yoffset":"0","xadvance":"4","page":"0","chnl":"15"}},{"$":{"id":"74","x":"2","y":"150","width":"5","height":"7","xoffset":"0","yoffset":"0","xadvance":"6","page":"0","chnl":"15"}},{"$":{"id":"75","x":"7","y":"141","width":"5","height":"7","xoffset":"0","yoffset":"0","xadvance":"6","page":"0","chnl":"15"}},{"$":{"id":"76","x":"9","y":"87","width":"5","height":"7","xoffset":"0","yoffset":"0","xadvance":"6","page":"0","chnl":"15"}},{"$":{"id":"77","x":"14","y":"75","width":"5","height":"7","xoffset":"0","yoffset":"0","xadvance":"6","page":"0","chnl":"15"}},{"$":{"id":"78","x":"16","y":"44","width":"5","height":"7","xoffset":"0","yoffset":"0","xadvance":"6","page":"0","chnl":"15"}},{"$":{"id":"79","x":"16","y":"53","width":"5","height":"7","xoffset":"0","yoffset":"0","xadvance":"6","page":"0","chnl":"15"}},{"$":{"id":"80","x":"16","y":"62","width":"5","height":"7","xoffset":"0","yoffset":"0","xadvance":"6","page":"0","chnl":"15"}},{"$":{"id":"81","x":"9","y":"96","width":"5","height":"7","xoffset":"0","yoffset":"0","xadvance":"6","page":"0","chnl":"15"}},{"$":{"id":"82","x":"9","y":"105","width":"5","height":"7","xoffset":"0","yoffset":"0","xadvance":"6","page":"0","chnl":"15"}},{"$":{"id":"83","x":"9","y":"114","width":"5","height":"7","xoffset":"0","yoffset":"0","xadvance":"6","page":"0","chnl":"15"}},{"$":{"id":"84","x":"9","y":"123","width":"5","height":"7","xoffset":"0","yoffset":"0","xadvance":"6","page":"0","chnl":"15"}},{"$":{"id":"85","x":"9","y":"132","width":"5","height":"7","xoffset":"0","yoffset":"0","xadvance":"6","page":"0","chnl":"15"}},{"$":{"id":"86","x":"2","y":"159","width":"5","height":"7","xoffset":"0","yoffset":"0","xadvance":"6","page":"0","chnl":"15"}},{"$":{"id":"87","x":"2","y":"168","width":"5","height":"7","xoffset":"0","yoffset":"0","xadvance":"6","page":"0","chnl":"15"}},{"$":{"id":"88","x":"2","y":"177","width":"5","height":"7","xoffset":"0","yoffset":"0","xadvance":"6","page":"0","chnl":"15"}},{"$":{"id":"89","x":"2","y":"186","width":"5","height":"7","xoffset":"0","yoffset":"0","xadvance":"6","page":"0","chnl":"15"}},{"$":{"id":"90","x":"2","y":"195","width":"5","height":"7","xoffset":"0","yoffset":"0","xadvance":"6","page":"0","chnl":"15"}},{"$":{"id":"33","x":"2","y":"204","width":"1","height":"7","xoffset":"0","yoffset":"0","xadvance":"2","page":"0","chnl":"15"}},{"$":{"id":"8470","x":"2","y":"213","width":"7","height":"7","xoffset":"0","yoffset":"0","xadvance":"2","page":"0","chnl":"15"}},{"$":{"id":"59","x":"5","y":"204","width":"1","height":"7","xoffset":"0","yoffset":"1","xadvance":"2","page":"0","chnl":"15"}},{"$":{"id":"37","x":"8","y":"204","width":"5","height":"7","xoffset":"0","yoffset":"0","xadvance":"6","page":"0","chnl":"15"}},{"$":{"id":"58","x":"22","y":"36","width":"1","height":"6","xoffset":"0","yoffset":"1","xadvance":"2","page":"0","chnl":"15"}},{"$":{"id":"63","x":"23","y":"25","width":"5","height":"7","xoffset":"0","yoffset":"0","xadvance":"6","page":"0","chnl":"15"}},{"$":{"id":"42","x":"23","y":"11","width":"4","height":"3","xoffset":"0","yoffset":"2","xadvance":"5","page":"0","chnl":"15"}},{"$":{"id":"40","x":"27","y":"16","width":"4","height":"7","xoffset":"0","yoffset":"0","xadvance":"5","page":"0","chnl":"15"}},{"$":{"id":"41","x":"32","y":"2","width":"4","height":"7","xoffset":"0","yoffset":"0","xadvance":"5","page":"0","chnl":"15"}},{"$":{"id":"95","x":"14","y":"84","width":"5","height":"1","xoffset":"0","yoffset":"6","xadvance":"6","page":"0","chnl":"15"}},{"$":{"id":"43","x":"9","y":"150","width":"5","height":"5","xoffset":"0","yoffset":"1","xadvance":"6","page":"0","chnl":"15"}},{"$":{"id":"45","x":"16","y":"71","width":"5","height":"1","xoffset":"0","yoffset":"3","xadvance":"6","page":"0","chnl":"15"}},{"$":{"id":"61","x":"14","y":"141","width":"5","height":"4","xoffset":"0","yoffset":"2","xadvance":"6","page":"0","chnl":"15"}},{"$":{"id":"46","x":"9","y":"37","width":"1","height":"2","xoffset":"0","yoffset":"5","xadvance":"2","page":"0","chnl":"15"}},{"$":{"id":"44","x":"9","y":"75","width":"1","height":"3","xoffset":"0","yoffset":"5","xadvance":"2","page":"0","chnl":"15"}},{"$":{"id":"47","x":"9","y":"157","width":"5","height":"7","xoffset":"0","yoffset":"0","xadvance":"6","page":"0","chnl":"15"}},{"$":{"id":"124","x":"9","y":"166","width":"1","height":"7","xoffset":"0","yoffset":"0","xadvance":"2","page":"0","chnl":"15"}},{"$":{"id":"34","x":"29","y":"11","width":"4","height":"3","xoffset":"0","yoffset":"0","xadvance":"5","page":"0","chnl":"15"}},{"$":{"id":"39","x":"9","y":"175","width":"2","height":"3","xoffset":"0","yoffset":"0","xadvance":"3","page":"0","chnl":"15"}},{"$":{"id":"64","x":"12","y":"166","width":"6","height":"7","xoffset":"0","yoffset":"0","xadvance":"7","page":"0","chnl":"15"}},{"$":{"id":"35","x":"16","y":"147","width":"5","height":"7","xoffset":"0","yoffset":"0","xadvance":"6","page":"0","chnl":"15"}},{"$":{"id":"36","x":"16","y":"156","width":"5","height":"7","xoffset":"0","yoffset":"0","xadvance":"6","page":"0","chnl":"15"}},{"$":{"id":"94","x":"9","y":"180","width":"5","height":"3","xoffset":"0","yoffset":"0","xadvance":"6","page":"0","chnl":"15"}},{"$":{"id":"38","x":"9","y":"185","width":"5","height":"7","xoffset":"0","yoffset":"0","xadvance":"6","page":"0","chnl":"15"}},{"$":{"id":"123","x":"9","y":"194","width":"4","height":"7","xoffset":"0","yoffset":"0","xadvance":"5","page":"0","chnl":"15"}},{"$":{"id":"125","x":"16","y":"87","width":"4","height":"7","xoffset":"0","yoffset":"0","xadvance":"5","page":"0","chnl":"15"}},{"$":{"id":"91","x":"21","y":"74","width":"3","height":"7","xoffset":"0","yoffset":"0","xadvance":"4","page":"0","chnl":"15"}},{"$":{"id":"93","x":"23","y":"44","width":"3","height":"7","xoffset":"0","yoffset":"0","xadvance":"4","page":"0","chnl":"15"}},{"$":{"id":"48","x":"25","y":"34","width":"5","height":"7","xoffset":"0","yoffset":"0","xadvance":"6","page":"0","chnl":"15"}},{"$":{"id":"49","x":"30","y":"25","width":"5","height":"7","xoffset":"0","yoffset":"0","xadvance":"6","page":"0","chnl":"15"}},{"$":{"id":"50","x":"33","y":"16","width":"5","height":"7","xoffset":"0","yoffset":"0","xadvance":"6","page":"0","chnl":"15"}},{"$":{"id":"51","x":"38","y":"2","width":"5","height":"7","xoffset":"0","yoffset":"0","xadvance":"6","page":"0","chnl":"15"}},{"$":{"id":"52","x":"23","y":"53","width":"5","height":"7","xoffset":"0","yoffset":"0","xadvance":"6","page":"0","chnl":"15"}},{"$":{"id":"53","x":"28","y":"43","width":"5","height":"7","xoffset":"0","yoffset":"0","xadvance":"6","page":"0","chnl":"15"}},{"$":{"id":"54","x":"32","y":"34","width":"5","height":"7","xoffset":"0","yoffset":"0","xadvance":"6","page":"0","chnl":"15"}},{"$":{"id":"55","x":"37","y":"25","width":"5","height":"7","xoffset":"0","yoffset":"0","xadvance":"6","page":"0","chnl":"15"}},{"$":{"id":"56","x":"23","y":"62","width":"5","height":"7","xoffset":"0","yoffset":"0","xadvance":"6","page":"0","chnl":"15"}},{"$":{"id":"57","x":"40","y":"11","width":"5","height":"7","xoffset":"0","yoffset":"0","xadvance":"6","page":"0","chnl":"15"}},{"$":{"id":"32","x":"0","y":"0","width":"0","height":"0","xoffset":"0","yoffset":"0","xadvance":"5","page":"0","chnl":"15"}}]}]}