{"info":[{"$":{"face":"Pixel","size":"7","bold":"0","italic":"0","charset":"","unicode":"","stretchH":"100","smooth":"1","aa":"1","padding":"2,2,2,2","spacing":"0,0","outline":"0"}}],"common":[{"$":{"lineHeight":"9","base":"6","scaleW":"50","scaleH":"179","pages":"1","packed":"0"}}],"pages":[{"page":[{"$":{"id":"0","file":"font.png"}}]}],"chars":[{"$":{"count":"80"},"char":[{"$":{"id":"97","x":"2","y":"2","width":"5","height":"4","xoffset":"0","yoffset":"2","xadvance":"6","page":"0","chnl":"15"}},{"$":{"id":"98","x":"2","y":"8","width":"5","height":"6","xoffset":"0","yoffset":"0","xadvance":"5","page":"0","chnl":"15"}},{"$":{"id":"99","x":"2","y":"16","width":"5","height":"4","xoffset":"0","yoffset":"2","xadvance":"5","page":"0","chnl":"15"}},{"$":{"id":"100","x":"2","y":"22","width":"5","height":"6","xoffset":"0","yoffset":"0","xadvance":"6","page":"0","chnl":"15"}},{"$":{"id":"101","x":"2","y":"30","width":"5","height":"6","xoffset":"0","yoffset":"2","xadvance":"5","page":"0","chnl":"15"}},{"$":{"id":"102","x":"2","y":"38","width":"5","height":"8","xoffset":"0","yoffset":"0","xadvance":"5","page":"0","chnl":"15"}},{"$":{"id":"103","x":"2","y":"48","width":"5","height":"6","xoffset":"0","yoffset":"2","xadvance":"6","page":"0","chnl":"15"}},{"$":{"id":"104","x":"2","y":"56","width":"5","height":"6","xoffset":"0","yoffset":"0","xadvance":"5","page":"0","chnl":"15"}},{"$":{"id":"105","x":"2","y":"64","width":"1","height":"6","xoffset":"0","yoffset":"0","xadvance":"2","page":"0","chnl":"15"}},{"$":{"id":"106","x":"2","y":"72","width":"3","height":"8","xoffset":"0","yoffset":"0","xadvance":"3","page":"0","chnl":"15"}},{"$":{"id":"107","x":"5","y":"64","width":"5","height":"6","xoffset":"0","yoffset":"0","xadvance":"5","page":"0","chnl":"15"}},{"$":{"id":"108","x":"9","y":"2","width":"1","height":"6","xoffset":"0","yoffset":"0","xadvance":"2","page":"0","chnl":"15"}},{"$":{"id":"109","x":"9","y":"10","width":"6","height":"4","xoffset":"0","yoffset":"2","xadvance":"7","page":"0","chnl":"15"}},{"$":{"id":"110","x":"12","y":"2","width":"5","height":"4","xoffset":"0","yoffset":"2","xadvance":"6","page":"0","chnl":"15"}},{"$":{"id":"111","x":"9","y":"16","width":"5","height":"4","xoffset":"0","yoffset":"2","xadvance":"5","page":"0","chnl":"15"}},{"$":{"id":"112","x":"9","y":"22","width":"5","height":"6","xoffset":"0","yoffset":"2","xadvance":"5","page":"0","chnl":"15"}},{"$":{"id":"113","x":"9","y":"30","width":"5","height":"6","xoffset":"0","yoffset":"2","xadvance":"6","page":"0","chnl":"15"}},{"$":{"id":"114","x":"9","y":"38","width":"5","height":"4","xoffset":"0","yoffset":"2","xadvance":"5","page":"0","chnl":"15"}},{"$":{"id":"115","x":"9","y":"44","width":"5","height":"6","xoffset":"0","yoffset":"2","xadvance":"5","page":"0","chnl":"15"}},{"$":{"id":"116","x":"9","y":"52","width":"5","height":"6","xoffset":"0","yoffset":"0","xadvance":"5","page":"0","chnl":"15"}},{"$":{"id":"117","x":"2","y":"82","width":"5","height":"4","xoffset":"0","yoffset":"2","xadvance":"6","page":"0","chnl":"15"}},{"$":{"id":"118","x":"7","y":"72","width":"6","height":"4","xoffset":"0","yoffset":"2","xadvance":"6","page":"0","chnl":"15"}},{"$":{"id":"119","x":"12","y":"60","width":"6","height":"4","xoffset":"0","yoffset":"2","xadvance":"7","page":"0","chnl":"15"}},{"$":{"id":"120","x":"12","y":"66","width":"5","height":"4","xoffset":"0","yoffset":"2","xadvance":"6","page":"0","chnl":"15"}},{"$":{"id":"121","x":"16","y":"16","width":"5","height":"6","xoffset":"0","yoffset":"2","xadvance":"6","page":"0","chnl":"15"}},{"$":{"id":"122","x":"17","y":"8","width":"5","height":"5","xoffset":"0","yoffset":"2","xadvance":"5","page":"0","chnl":"15"}},{"$":{"id":"65","x":"16","y":"24","width":"6","height":"6","xoffset":"0","yoffset":"0","xadvance":"7","page":"0","chnl":"15"}},{"$":{"id":"66","x":"23","y":"15","width":"6","height":"6","xoffset":"0","yoffset":"0","xadvance":"7","page":"0","chnl":"15"}},{"$":{"id":"67","x":"24","y":"2","width":"6","height":"6","xoffset":"0","yoffset":"0","xadvance":"6","page":"0","chnl":"15"}},{"$":{"id":"68","x":"16","y":"32","width":"6","height":"6","xoffset":"0","yoffset":"0","xadvance":"7","page":"0","chnl":"15"}},{"$":{"id":"69","x":"16","y":"40","width":"6","height":"6","xoffset":"0","yoffset":"0","xadvance":"6","page":"0","chnl":"15"}},{"$":{"id":"70","x":"16","y":"48","width":"6","height":"6","xoffset":"0","yoffset":"0","xadvance":"6","page":"0","chnl":"15"}},{"$":{"id":"71","x":"2","y":"88","width":"6","height":"6","xoffset":"0","yoffset":"0","xadvance":"6","page":"0","chnl":"15"}},{"$":{"id":"72","x":"9","y":"78","width":"6","height":"6","xoffset":"0","yoffset":"0","xadvance":"7","page":"0","chnl":"15"}},{"$":{"id":"73","x":"2","y":"96","width":"1","height":"6","xoffset":"0","yoffset":"0","xadvance":"2","page":"0","chnl":"15"}},{"$":{"id":"74","x":"2","y":"104","width":"6","height":"6","xoffset":"0","yoffset":"0","xadvance":"7","page":"0","chnl":"15"}},{"$":{"id":"75","x":"5","y":"96","width":"6","height":"6","xoffset":"0","yoffset":"0","xadvance":"6","page":"0","chnl":"15"}},{"$":{"id":"76","x":"10","y":"86","width":"6","height":"6","xoffset":"0","yoffset":"0","xadvance":"6","page":"0","chnl":"15"}},{"$":{"id":"77","x":"17","y":"72","width":"6","height":"6","xoffset":"0","yoffset":"0","xadvance":"7","page":"0","chnl":"15"}},{"$":{"id":"78","x":"20","y":"56","width":"6","height":"6","xoffset":"0","yoffset":"0","xadvance":"7","page":"0","chnl":"15"}},{"$":{"id":"79","x":"20","y":"64","width":"6","height":"6","xoffset":"0","yoffset":"0","xadvance":"7","page":"0","chnl":"15"}},{"$":{"id":"80","x":"24","y":"23","width":"6","height":"6","xoffset":"0","yoffset":"0","xadvance":"6","page":"0","chnl":"15"}},{"$":{"id":"81","x":"31","y":"10","width":"6","height":"6","xoffset":"0","yoffset":"0","xadvance":"7","page":"0","chnl":"15"}},{"$":{"id":"82","x":"32","y":"2","width":"6","height":"6","xoffset":"0","yoffset":"0","xadvance":"6","page":"0","chnl":"15"}},{"$":{"id":"83","x":"24","y":"31","width":"6","height":"6","xoffset":"0","yoffset":"0","xadvance":"6","page":"0","chnl":"15"}},{"$":{"id":"84","x":"24","y":"39","width":"6","height":"6","xoffset":"0","yoffset":"0","xadvance":"6","page":"0","chnl":"15"}},{"$":{"id":"85","x":"24","y":"47","width":"6","height":"6","xoffset":"0","yoffset":"0","xadvance":"7","page":"0","chnl":"15"}},{"$":{"id":"86","x":"2","y":"112","width":"6","height":"6","xoffset":"0","yoffset":"0","xadvance":"6","page":"0","chnl":"15"}},{"$":{"id":"87","x":"2","y":"120","width":"6","height":"6","xoffset":"0","yoffset":"0","xadvance":"7","page":"0","chnl":"15"}},{"$":{"id":"88","x":"2","y":"128","width":"6","height":"6","xoffset":"0","yoffset":"0","xadvance":"6","page":"0","chnl":"15"}},{"$":{"id":"89","x":"2","y":"136","width":"6","height":"6","xoffset":"0","yoffset":"0","xadvance":"6","page":"0","chnl":"15"}},{"$":{"id":"90","x":"2","y":"144","width":"6","height":"6","xoffset":"0","yoffset":"0","xadvance":"6","page":"0","chnl":"15"}},{"$":{"id":"33","x":"2","y":"152","width":"1","height":"6","xoffset":"0","yoffset":"0","xadvance":"2","page":"0","chnl":"15"}},{"$":{"id":"8470","x":"2","y":"160","width":"3","height":"6","xoffset":"0","yoffset":"0","xadvance":"4","page":"0","chnl":"15"}},{"$":{"id":"59","x":"5","y":"152","width":"1","height":"5","xoffset":"0","yoffset":"1","xadvance":"2","page":"0","chnl":"15"}},{"$":{"id":"37","x":"2","y":"168","width":"11","height":"9","xoffset":"0","yoffset":"0","xadvance":"12","page":"0","chnl":"15"}},{"$":{"id":"58","x":"19","y":"2","width":"1","height":"4","xoffset":"0","yoffset":"1","xadvance":"2","page":"0","chnl":"15"}},{"$":{"id":"63","x":"7","y":"159","width":"6","height":"6","xoffset":"0","yoffset":"0","xadvance":"6","page":"0","chnl":"15"}},{"$":{"id":"42","x":"10","y":"104","width":"11","height":"9","xoffset":"0","yoffset":"0","xadvance":"12","page":"0","chnl":"15"}},{"$":{"id":"40","x":"13","y":"94","width":"3","height":"6","xoffset":"0","yoffset":"0","xadvance":"3","page":"0","chnl":"15"}},{"$":{"id":"41","x":"18","y":"80","width":"3","height":"6","xoffset":"0","yoffset":"0","xadvance":"3","page":"0","chnl":"15"}},{"$":{"id":"95","x":"24","y":"10","width":"5","height":"1","xoffset":"0","yoffset":"5","xadvance":"6","page":"0","chnl":"15"}},{"$":{"id":"43","x":"8","y":"152","width":"4","height":"4","xoffset":"0","yoffset":"1","xadvance":"4","page":"0","chnl":"15"}},{"$":{"id":"45","x":"31","y":"18","width":"4","height":"1","xoffset":"0","yoffset":"2","xadvance":"5","page":"0","chnl":"15"}},{"$":{"id":"61","x":"18","y":"88","width":"4","height":"4","xoffset":"0","yoffset":"1","xadvance":"4","page":"0","chnl":"15"}},{"$":{"id":"46","x":"9","y":"60","width":"1","height":"1","xoffset":"0","yoffset":"5","xadvance":"2","page":"0","chnl":"15"}},{"$":{"id":"44","x":"23","y":"80","width":"1","height":"3","xoffset":"0","yoffset":"3","xadvance":"2","page":"0","chnl":"15"}},{"$":{"id":"47","x":"25","y":"72","width":"4","height":"6","xoffset":"0","yoffset":"0","xadvance":"4","page":"0","chnl":"15"}},{"$":{"id":"124","x":"18","y":"94","width":"1","height":"6","xoffset":"0","yoffset":"0","xadvance":"2","page":"0","chnl":"15"}},{"$":{"id":"34","x":"21","y":"94","width":"4","height":"3","xoffset":"0","yoffset":"0","xadvance":"4","page":"0","chnl":"15"}},{"$":{"id":"39","x":"21","y":"99","width":"1","height":"3","xoffset":"0","yoffset":"0","xadvance":"2","page":"0","chnl":"15"}},{"$":{"id":"64","x":"24","y":"85","width":"6","height":"6","xoffset":"0","yoffset":"0","xadvance":"7","page":"0","chnl":"15"}},{"$":{"id":"35","x":"28","y":"55","width":"6","height":"6","xoffset":"0","yoffset":"0","xadvance":"6","page":"0","chnl":"15"}},{"$":{"id":"36","x":"28","y":"63","width":"6","height":"6","xoffset":"0","yoffset":"0","xadvance":"6","page":"0","chnl":"15"}},{"$":{"id":"94","x":"31","y":"71","width":"10","height":"4","xoffset":"0","yoffset":"1","xadvance":"11","page":"0","chnl":"15"}},{"$":{"id":"38","x":"31","y":"77","width":"4","height":"4","xoffset":"0","yoffset":"1","xadvance":"4","page":"0","chnl":"15"}},{"$":{"id":"123","x":"32","y":"21","width":"9","height":"9","xoffset":"0","yoffset":"0","xadvance":"10","page":"0","chnl":"15"}},{"$":{"id":"125","x":"39","y":"10","width":"9","height":"7","xoffset":"0","yoffset":"0","xadvance":"10","page":"0","chnl":"15"}},{"$":{"id":"91","x":"32","y":"32","width":"11","height":"9","xoffset":"0","yoffset":"0","xadvance":"12","page":"0","chnl":"15"}},{"$":{"id":"93","x":"32","y":"43","width":"11","height":"9","xoffset":"0","yoffset":"0","xadvance":"12","page":"0","chnl":"15"}},{"$":{"id":"32","x":"0","y":"0","width":"0","height":"0","xoffset":"0","yoffset":"0","xadvance":"3","page":"0","chnl":"15"}}]}]}