{"info":[{"$":{"face":"TooSimple","size":"5","bold":"0","italic":"0","charset":"","unicode":"","stretchH":"100","smooth":"1","aa":"1","padding":"2,2,2,2","spacing":"0,0","outline":"0"}}],"common":[{"$":{"lineHeight":"8","base":"8","scaleW":"45","scaleH":"156","pages":"1","packed":"0"}}],"pages":[{"page":[{"$":{"id":"0","file":"toosimple.png"}}]}],"chars":[{"$":{"count":"80"},"char":[{"$":{"id":"97","x":"2","y":"2","width":"5","height":"5","xoffset":"0","yoffset":"3","xadvance":"6","page":"0","chnl":"15"}},{"$":{"id":"98","x":"2","y":"9","width":"4","height":"5","xoffset":"0","yoffset":"3","xadvance":"5","page":"0","chnl":"15"}},{"$":{"id":"99","x":"2","y":"16","width":"3","height":"4","xoffset":"0","yoffset":"4","xadvance":"4","page":"0","chnl":"15"}},{"$":{"id":"100","x":"2","y":"22","width":"4","height":"5","xoffset":"0","yoffset":"3","xadvance":"5","page":"0","chnl":"15"}},{"$":{"id":"101","x":"2","y":"29","width":"4","height":"7","xoffset":"0","yoffset":"1","xadvance":"5","page":"0","chnl":"15"}},{"$":{"id":"102","x":"2","y":"38","width":"3","height":"7","xoffset":"0","yoffset":"1","xadvance":"4","page":"0","chnl":"15"}},{"$":{"id":"103","x":"2","y":"47","width":"4","height":"7","xoffset":"0","yoffset":"1","xadvance":"5","page":"0","chnl":"15"}},{"$":{"id":"104","x":"7","y":"38","width":"4","height":"5","xoffset":"0","yoffset":"3","xadvance":"5","page":"0","chnl":"15"}},{"$":{"id":"105","x":"8","y":"9","width":"2","height":"5","xoffset":"0","yoffset":"3","xadvance":"3","page":"0","chnl":"15"}},{"$":{"id":"106","x":"8","y":"16","width":"3","height":"7","xoffset":"0","yoffset":"1","xadvance":"4","page":"0","chnl":"15"}},{"$":{"id":"107","x":"9","y":"2","width":"4","height":"5","xoffset":"0","yoffset":"3","xadvance":"5","page":"0","chnl":"15"}},{"$":{"id":"108","x":"12","y":"9","width":"2","height":"5","xoffset":"0","yoffset":"3","xadvance":"3","page":"0","chnl":"15"}},{"$":{"id":"109","x":"15","y":"2","width":"7","height":"5","xoffset":"0","yoffset":"3","xadvance":"8","page":"0","chnl":"15"}},{"$":{"id":"110","x":"8","y":"25","width":"5","height":"5","xoffset":"0","yoffset":"3","xadvance":"6","page":"0","chnl":"15"}},{"$":{"id":"111","x":"13","y":"16","width":"5","height":"5","xoffset":"0","yoffset":"3","xadvance":"6","page":"0","chnl":"15"}},{"$":{"id":"112","x":"16","y":"9","width":"4","height":"5","xoffset":"0","yoffset":"3","xadvance":"5","page":"0","chnl":"15"}},{"$":{"id":"113","x":"2","y":"56","width":"4","height":"5","xoffset":"0","yoffset":"3","xadvance":"5","page":"0","chnl":"15"}},{"$":{"id":"114","x":"2","y":"63","width":"4","height":"5","xoffset":"0","yoffset":"3","xadvance":"5","page":"0","chnl":"15"}},{"$":{"id":"115","x":"2","y":"70","width":"4","height":"7","xoffset":"0","yoffset":"1","xadvance":"5","page":"0","chnl":"15"}},{"$":{"id":"116","x":"2","y":"79","width":"3","height":"5","xoffset":"0","yoffset":"3","xadvance":"4","page":"0","chnl":"15"}},{"$":{"id":"117","x":"8","y":"32","width":"4","height":"4","xoffset":"0","yoffset":"4","xadvance":"5","page":"0","chnl":"15"}},{"$":{"id":"118","x":"2","y":"86","width":"4","height":"4","xoffset":"0","yoffset":"4","xadvance":"5","page":"0","chnl":"15"}},{"$":{"id":"119","x":"7","y":"79","width":"7","height":"4","xoffset":"0","yoffset":"4","xadvance":"8","page":"0","chnl":"15"}},{"$":{"id":"120","x":"8","y":"45","width":"4","height":"4","xoffset":"0","yoffset":"4","xadvance":"5","page":"0","chnl":"15"}},{"$":{"id":"121","x":"13","y":"38","width":"4","height":"5","xoffset":"0","yoffset":"3","xadvance":"5","page":"0","chnl":"15"}},{"$":{"id":"122","x":"15","y":"23","width":"4","height":"5","xoffset":"0","yoffset":"3","xadvance":"5","page":"0","chnl":"15"}},{"$":{"id":"65","x":"8","y":"51","width":"5","height":"7","xoffset":"0","yoffset":"1","xadvance":"6","page":"0","chnl":"15"}},{"$":{"id":"66","x":"8","y":"60","width":"5","height":"7","xoffset":"0","yoffset":"1","xadvance":"6","page":"0","chnl":"15"}},{"$":{"id":"67","x":"8","y":"69","width":"5","height":"7","xoffset":"0","yoffset":"1","xadvance":"6","page":"0","chnl":"15"}},{"$":{"id":"68","x":"15","y":"45","width":"5","height":"7","xoffset":"0","yoffset":"1","xadvance":"6","page":"0","chnl":"15"}},{"$":{"id":"69","x":"19","y":"30","width":"5","height":"7","xoffset":"0","yoffset":"1","xadvance":"6","page":"0","chnl":"15"}},{"$":{"id":"70","x":"21","y":"16","width":"5","height":"7","xoffset":"0","yoffset":"1","xadvance":"6","page":"0","chnl":"15"}},{"$":{"id":"71","x":"24","y":"2","width":"5","height":"7","xoffset":"0","yoffset":"1","xadvance":"6","page":"0","chnl":"15"}},{"$":{"id":"72","x":"15","y":"54","width":"5","height":"7","xoffset":"0","yoffset":"1","xadvance":"6","page":"0","chnl":"15"}},{"$":{"id":"73","x":"15","y":"63","width":"2","height":"7","xoffset":"0","yoffset":"1","xadvance":"3","page":"0","chnl":"15"}},{"$":{"id":"74","x":"2","y":"92","width":"3","height":"7","xoffset":"0","yoffset":"1","xadvance":"4","page":"0","chnl":"15"}},{"$":{"id":"75","x":"2","y":"101","width":"5","height":"7","xoffset":"0","yoffset":"1","xadvance":"6","page":"0","chnl":"15"}},{"$":{"id":"76","x":"7","y":"92","width":"4","height":"7","xoffset":"0","yoffset":"1","xadvance":"5","page":"0","chnl":"15"}},{"$":{"id":"77","x":"2","y":"110","width":"7","height":"7","xoffset":"0","yoffset":"1","xadvance":"8","page":"0","chnl":"15"}},{"$":{"id":"78","x":"9","y":"101","width":"5","height":"7","xoffset":"0","yoffset":"1","xadvance":"6","page":"0","chnl":"15"}},{"$":{"id":"79","x":"13","y":"85","width":"7","height":"7","xoffset":"0","yoffset":"1","xadvance":"8","page":"0","chnl":"15"}},{"$":{"id":"80","x":"16","y":"72","width":"5","height":"7","xoffset":"0","yoffset":"1","xadvance":"6","page":"0","chnl":"15"}},{"$":{"id":"81","x":"19","y":"63","width":"7","height":"7","xoffset":"0","yoffset":"1","xadvance":"8","page":"0","chnl":"15"}},{"$":{"id":"82","x":"22","y":"39","width":"4","height":"7","xoffset":"0","yoffset":"1","xadvance":"5","page":"0","chnl":"15"}},{"$":{"id":"83","x":"26","y":"25","width":"5","height":"7","xoffset":"0","yoffset":"1","xadvance":"6","page":"0","chnl":"15"}},{"$":{"id":"84","x":"28","y":"11","width":"4","height":"7","xoffset":"0","yoffset":"1","xadvance":"5","page":"0","chnl":"15"}},{"$":{"id":"85","x":"31","y":"2","width":"5","height":"7","xoffset":"0","yoffset":"1","xadvance":"6","page":"0","chnl":"15"}},{"$":{"id":"86","x":"22","y":"48","width":"7","height":"7","xoffset":"0","yoffset":"1","xadvance":"8","page":"0","chnl":"15"}},{"$":{"id":"87","x":"28","y":"34","width":"7","height":"7","xoffset":"0","yoffset":"1","xadvance":"8","page":"0","chnl":"15"}},{"$":{"id":"88","x":"33","y":"20","width":"7","height":"7","xoffset":"0","yoffset":"1","xadvance":"8","page":"0","chnl":"15"}},{"$":{"id":"89","x":"34","y":"11","width":"4","height":"7","xoffset":"0","yoffset":"1","xadvance":"5","page":"0","chnl":"15"}},{"$":{"id":"90","x":"38","y":"2","width":"5","height":"7","xoffset":"0","yoffset":"1","xadvance":"6","page":"0","chnl":"15"}},{"$":{"id":"33","x":"40","y":"11","width":"2","height":"7","xoffset":"0","yoffset":"1","xadvance":"3","page":"0","chnl":"15"}},{"$":{"id":"8470","x":"13","y":"94","width":"5","height":"5","xoffset":"0","yoffset":"3","xadvance":"1","page":"0","chnl":"15"}},{"$":{"id":"59","x":"15","y":"30","width":"2","height":"5","xoffset":"0","yoffset":"3","xadvance":"3","page":"0","chnl":"15"}},{"$":{"id":"37","x":"22","y":"57","width":"4","height":"4","xoffset":"0","yoffset":"4","xadvance":"5","page":"0","chnl":"15"}},{"$":{"id":"58","x":"8","y":"85","width":"2","height":"5","xoffset":"0","yoffset":"3","xadvance":"3","page":"0","chnl":"15"}},{"$":{"id":"63","x":"2","y":"119","width":"4","height":"8","xoffset":"0","yoffset":"0","xadvance":"5","page":"0","chnl":"15"}},{"$":{"id":"42","x":"16","y":"81","width":"2","height":"2","xoffset":"0","yoffset":"3","xadvance":"3","page":"0","chnl":"15"}},{"$":{"id":"40","x":"2","y":"129","width":"3","height":"7","xoffset":"0","yoffset":"1","xadvance":"4","page":"0","chnl":"15"}},{"$":{"id":"41","x":"2","y":"138","width":"3","height":"7","xoffset":"0","yoffset":"1","xadvance":"4","page":"0","chnl":"15"}},{"$":{"id":"95","x":"22","y":"11","width":"4","height":"2","xoffset":"0","yoffset":"6","xadvance":"5","page":"0","chnl":"15"}},{"$":{"id":"43","x":"2","y":"147","width":"7","height":"7","xoffset":"0","yoffset":"1","xadvance":"8","page":"0","chnl":"15"}},{"$":{"id":"45","x":"21","y":"25","width":"3","height":"2","xoffset":"1","yoffset":"5","xadvance":"5","page":"0","chnl":"15"}},{"$":{"id":"61","x":"7","y":"129","width":"3","height":"4","xoffset":"0","yoffset":"3","xadvance":"4","page":"0","chnl":"15"}},{"$":{"id":"46","x":"20","y":"81","width":"2","height":"2","xoffset":"0","yoffset":"6","xadvance":"3","page":"0","chnl":"15"}},{"$":{"id":"44","x":"28","y":"20","width":"2","height":"3","xoffset":"0","yoffset":"5","xadvance":"3","page":"0","chnl":"15"}},{"$":{"id":"47","x":"23","y":"72","width":"4","height":"5","xoffset":"0","yoffset":"3","xadvance":"5","page":"0","chnl":"15"}},{"$":{"id":"124","x":"8","y":"119","width":"2","height":"7","xoffset":"0","yoffset":"1","xadvance":"3","page":"0","chnl":"15"}},{"$":{"id":"34","x":"33","y":"29","width":"2","height":"2","xoffset":"0","yoffset":"3","xadvance":"4","page":"0","chnl":"15"}},{"$":{"id":"39","x":"19","y":"39","width":"1","height":"2","xoffset":"0","yoffset":"3","xadvance":"3","page":"0","chnl":"15"}},{"$":{"id":"64","x":"11","y":"110","width":"7","height":"7","xoffset":"0","yoffset":"1","xadvance":"8","page":"0","chnl":"15"}},{"$":{"id":"35","x":"16","y":"101","width":"7","height":"7","xoffset":"0","yoffset":"1","xadvance":"8","page":"0","chnl":"15"}},{"$":{"id":"36","x":"7","y":"135","width":"4","height":"7","xoffset":"0","yoffset":"1","xadvance":"5","page":"0","chnl":"15"}},{"$":{"id":"94","x":"28","y":"43","width":"4","height":"3","xoffset":"0","yoffset":"3","xadvance":"5","page":"0","chnl":"15"}},{"$":{"id":"38","x":"28","y":"57","width":"5","height":"7","xoffset":"0","yoffset":"1","xadvance":"6","page":"0","chnl":"15"}},{"$":{"id":"123","x":"31","y":"48","width":"4","height":"7","xoffset":"0","yoffset":"1","xadvance":"5","page":"0","chnl":"15"}},{"$":{"id":"125","x":"22","y":"85","width":"4","height":"7","xoffset":"0","yoffset":"1","xadvance":"5","page":"0","chnl":"15"}},{"$":{"id":"91","x":"20","y":"94","width":"3","height":"5","xoffset":"0","yoffset":"3","xadvance":"4","page":"0","chnl":"15"}},{"$":{"id":"93","x":"12","y":"119","width":"3","height":"5","xoffset":"0","yoffset":"3","xadvance":"4","page":"0","chnl":"15"}},{"$":{"id":"32","x":"0","y":"0","width":"0","height":"0","xoffset":"0","yoffset":"3","xadvance":"1","page":"0","chnl":"15"}}]}]}